Andreas,Andreas2,hrhreherherhreheshtrjr,2006.05.04,alina.popovych@gmail.com,3000,"3,7,8",AndreasA,"Guest,Publisher",pivdenna streeet 24,california,USA,123456789249,http://efewfgg.com,relative,gdh10,53280,10014585249,california,"Hi,What"
Benjamin,Benjamin24,dcsBenjamin Klebs,2006.05.05,alina.popovych@gmail.com,3001,"7,4,3",BenjaminA,"Publisher,Guest",pivdenna streeet 9,brooklyn,UA,123456789250,http://efewfgg.com,relative,gdh11,53281,10014585250,brooklyn,"Welcome!,What"
Stephan,Stephan9,dcsStephan Nagel,2006.05.06,alina.popovych@gmail.com,3002,"8,9,1",StephanA,"Publisher,Guest",pivdenna streeet 26,new york,UA,123456789251,http://efewfgg.com,relative,gdh12,53282,10014585251,new york,"Start,What"
aaAbollhassan Eslami Arschaghi,fhdgsegisegigif,dcsStephan Nagel,2006.05.07,alina.popovych@gmail.com,,"8,9,1",Fgssgwu1,"Publisher,Guest",pivdenna streeet 24,california,USA,123456789249,http://efewfgg.com,,gdh13,53280,10014585249,california,"Hi,What"
aaAchaz von der Schulenburg,fhhfhfhsTEWbbb20,dcsStephan Nagel,2006.05.08,alina.popovych@gmail.com,,"8,9,1",Fgssgwu2,"Publisher,Guest",pivdenna streeet 9,brooklyn,UA,123456789250,http://efewfgg.com,,gdh14,53281,10014585250,brooklyn,"Welcome!,What"
aaAchim Brumund,fhhfhfhsTEWbbb21,dcsStephan Nagel,2006.05.09,alina.popovych@gmail.com,,"8,9,1",Fgssgwu3,"Publisher,Guest",pivdenna streeet 26,new york,UA,123456789251,http://efewfgg.com,,gdh15,53282,10014585251,new york,"Start,What"
aaAchim Neuhaus,fhhfhfhsTEWbbb22,dcsStephan Nagel,2006.05.10,alina.popovych@gmail.com,,"8,9,1",Fgssgwu4,"Publisher,Guest",pivdenna streeet 24,california,USA,123456789249,http://efewfgg.com,,gdh16,53280,10014585249,california,"Hi,What"
aaAchim Seiler,fhhfhfhsTEWbbb23,dcsStephan Nagel,2006.05.11,alina.popovych@gmail.com,,"8,9,1",Fgssgwu5,"Publisher,Guest",pivdenna streeet 9,brooklyn,UA,123456789250,http://efewfgg.com,,gdh17,53281,10014585250,brooklyn,"Welcome!,What"
aaAchim Uebele,fhhfhfhsTEWbbb24,dcsStephan Nagel,2006.05.12,alina.popovych@gmail.com,,"8,9,1",Fgssgwu6,"Publisher,Guest",pivdenna streeet 26,new york,UA,123456789251,http://efewfgg.com,,gdh18,53282,10014585251,new york,"Start,What"
aaAdalbert Seifer,fhhfhfhsTEWbbb25,dcsStephan Nagel,2006.05.13,alina.popovych@gmail.com,,"8,9,1",Fgssgwu7,"Publisher,Guest",pivdenna streeet 24,california,USA,123456789249,http://efewfgg.com,,gdh19,53280,10014585249,california,"Hi,What"
aaAdalbert Wirtz,fhhfhfhsTEWbbb26,dcsStephan Nagel,2006.05.14,alina.popovych@gmail.com,,"8,9,1",Fgssgwu8,"Publisher,Guest",pivdenna streeet 9,brooklyn,UA,123456789250,http://efewfgg.com,,gdh20,53281,10014585250,brooklyn,"Welcome!,What"
aaAdrian Spura,fhhfhfhsTEWbbb27,dcsStephan Nagel,2006.05.15,alina.popovych@gmail.com,,"8,9,1",Fgssgwu9,"Publisher,Guest",pivdenna streeet 26,new york,UA,123456789251,http://efewfgg.com,,gdh21,53282,10014585251,new york,"Start,What"
aaAdriana Richter,fhhfhfhsTEWbbb28,dcsStephan Nagel,2006.05.16,alina.popovych@gmail.com,,"8,9,1",Fgssgwu10,"Publisher,Guest",pivdenna streeet 24,california,USA,123456789249,http://efewfgg.com,,gdh22,53280,10014585249,california,"Hi,What"
aaAlbrecht Schille,fhhfhfhsTEWbbb29,dcsStephan Nagel,2006.05.17,alina.popovych@gmail.com,,"8,9,1",Fgssgwu11,"Publisher,Guest",pivdenna streeet 9,brooklyn,UA,123456789250,http://efewfgg.com,,gdh23,53281,10014585250,brooklyn,"Welcome!,What"
aaAlbrecht Schlüter,fhhfhfhsTEWbbb30,dcsStephan Nagel,2006.05.18,alina.popovych@gmail.com,,"8,9,1",Fgssgwu12,"Publisher,Guest",pivdenna streeet 26,new york,UA,123456789251,http://efewfgg.com,,gdh24,53282,10014585251,new york,"Start,What"
aaAlessandro Fasolin,fhhfhfhsTEWbbb31,dcsStephan Nagel,2006.05.19,alina.popovych@gmail.com,,"8,9,1",Fgssgwu13,"Publisher,Guest",pivdenna streeet 24,california,USA,123456789249,http://efewfgg.com,,gdh25,53280,10014585249,california,"Hi,What"
aaAlexander Bähr,fhhfhfhsTEWbbb32,dcsStephan Nagel,2006.05.20,alina.popovych@gmail.com,,"8,9,1",Fgssgwu14,"Publisher,Guest",pivdenna streeet 9,brooklyn,UA,123456789250,http://efewfgg.com,,gdh26,53281,10014585250,brooklyn,"Welcome!,What"
aaAlexander Brumnic,fhhfhfhsTEWbbb33,dcsStephan Nagel,2006.05.21,alina.popovych@gmail.com,,"8,9,1",Fgssgwu15,"Publisher,Guest",pivdenna streeet 26,new york,UA,123456789251,http://efewfgg.com,,gdh27,53282,10014585251,new york,"Start,What"
aaAlexander Eckel,fhhfhfhsTEWbbb34,dcsStephan Nagel,2006.05.22,alina.popovych@gmail.com,,"8,9,1",Fgssgwu16,"Publisher,Guest",pivdenna streeet 24,california,USA,123456789249,http://efewfgg.com,,gdh28,53280,10014585249,california,"Hi,What"
aaAlexander Gaßner,fhhfhfhsTEWbbb35,dcsStephan Nagel,2006.05.23,alina.popovych@gmail.com,,"8,9,1",Fgssgwu17,"Publisher,Guest",pivdenna streeet 9,brooklyn,UA,123456789250,http://efewfgg.com,,gdh29,53281,10014585250,brooklyn,"Welcome!,What"
aaAlexander Gerth,fhhfhfhsTEWbbb36,dcsStephan Nagel,2006.05.24,alina.popovych@gmail.com,,"8,9,1",Fgssgwu18,"Publisher,Guest",pivdenna streeet 26,new york,UA,123456789251,http://efewfgg.com,,gdh30,53282,10014585251,new york,"Start,What"
aaAlexander Henke,fhhfhfhsTEWbbb37,dcsStephan Nagel,2006.05.25,alina.popovych@gmail.com,,"8,9,1",Fgssgwu19,"Publisher,Guest",pivdenna streeet 24,california,USA,123456789249,http://efewfgg.com,,gdh31,53280,10014585249,california,"Hi,What"
aaAlexander Hopff,fhhfhfhsTEWbbb38,dcsStephan Nagel,2006.05.26,alina.popovych@gmail.com,,"8,9,1",Fgssgwu20,"Publisher,Guest",pivdenna streeet 9,brooklyn,UA,123456789250,http://efewfgg.com,,gdh32,53281,10014585250,brooklyn,"Welcome!,What"
aaAlexander Kintea,fhhfhfhsTEWbbb39,dcsStephan Nagel,2006.05.27,alina.popovych@gmail.com,,"8,9,1",Fgssgwu21,"Publisher,Guest",pivdenna streeet 26,new york,UA,123456789251,http://efewfgg.com,,gdh33,53282,10014585251,new york,"Start,What"
aaAlexander Klinkow,fhhfhfhsTEWbbb40,dcsStephan Nagel,2006.05.28,alina.popovych@gmail.com,,"8,9,1",Fgssgwu22,"Publisher,Guest",pivdenna streeet 24,california,USA,123456789249,http://efewfgg.com,,gdh34,53280,10014585249,california,"Hi,What"
aaAlexander Kolb,fhhfhfhsTEWbbb41,dcsStephan Nagel,2006.05.29,alina.popovych@gmail.com,,"8,9,1",Fgssgwu23,"Publisher,Guest",pivdenna streeet 9,brooklyn,UA,123456789250,http://efewfgg.com,,gdh35,53281,10014585250,brooklyn,"Welcome!,What"
aaAlexander Liebenau,fhhfhfhsTEWbbb42,dcsStephan Nagel,2006.05.30,alina.popovych@gmail.com,,"8,9,1",Fgssgwu24,"Publisher,Guest",pivdenna streeet 26,new york,UA,123456789251,http://efewfgg.com,,gdh36,53282,10014585251,new york,"Start,What"
aaAlexander Mut,fhhfhfhsTEWbbb43,dcsStephan Nagel,2006.06.01,alina.popovych@gmail.com,,"8,9,1",Fgssgwu25,"Publisher,Guest",pivdenna streeet 24,california,USA,123456789249,http://efewfgg.com,,gdh37,53280,10014585249,california,"Hi,What"
aaAlexander Reichl,fhhfhfhsTEWbbb44,dcsStephan Nagel,2006.06.02,alina.popovych@gmail.com,,"8,9,1",Fgssgwu26,"Publisher,Guest",pivdenna streeet 9,brooklyn,UA,123456789250,http://efewfgg.com,,gdh38,53281,10014585250,brooklyn,"Welcome!,What"
aaAlexander Schütze,fhhfhfhsTEWbbb45,dcsStephan Nagel,2006.06.03,alina.popovych@gmail.com,,"8,9,1",Fgssgwu27,"Publisher,Guest",pivdenna streeet 26,new york,UA,123456789251,http://efewfgg.com,,gdh39,53282,10014585251,new york,"Start,What"
aaAlexander Seipel,fhhfhfhsTEWbbb46,dcsStephan Nagel,2006.06.04,alina.popovych@gmail.com,,"8,9,1",Fgssgwu28,"Publisher,Guest",pivdenna streeet 24,california,USA,123456789249,http://efewfgg.com,,gdh40,53280,10014585249,california,"Hi,What"
aaAlexander Skock,fhhfhfhsTEWbbb47,dcsStephan Nagel,2006.06.05,alina.popovych@gmail.com,,"8,9,1",Fgssgwu29,"Publisher,Guest",pivdenna streeet 9,brooklyn,UA,123456789250,http://efewfgg.com,,gdh41,53281,10014585250,brooklyn,"Welcome!,What"
aaAlexander Spieker,fhhfhfhsTEWbbb48,dcsStephan Nagel,2006.06.06,alina.popovych@gmail.com,,"8,9,1",Fgssgwu30,"Publisher,Guest",pivdenna streeet 26,new york,UA,123456789251,http://efewfgg.com,,gdh42,53282,10014585251,new york,"Start,What"
aaAlexander Stuve,fhhfhfhsTEWbbb49,dcsStephan Nagel,2006.06.07,alina.popovych@gmail.com,,"8,9,1",Fgssgwu31,"Publisher,Guest",pivdenna streeet 24,california,USA,123456789249,http://efewfgg.com,,gdh43,53280,10014585249,california,"Hi,What"
aaAlexander Tanke,fhhfhfhsTEWbbb50,dcsStephan Nagel,2006.06.08,alina.popovych@gmail.com,,"8,9,1",Fgssgwu32,"Publisher,Guest",pivdenna streeet 9,brooklyn,UA,123456789250,http://efewfgg.com,,gdh44,53281,10014585250,brooklyn,"Welcome!,What"
aaAlexander Vogel,fhhfhfhsTEWbbb51,dcsStephan Nagel,2006.06.09,alina.popovych@gmail.com,,"8,9,1",Fgssgwu33,"Publisher,Guest",pivdenna streeet 26,new york,UA,123456789251,http://efewfgg.com,,gdh45,53282,10014585251,new york,"Start,What"
aaAlexander Völker,fhhfhfhsTEWbbb52,dcsStephan Nagel,2006.06.10,alina.popovych@gmail.com,,"8,9,1",Fgssgwu34,"Publisher,Guest",pivdenna streeet 24,california,USA,123456789249,http://efewfgg.com,,gdh46,53280,10014585249,california,"Hi,What"
aaAlexander Weber,fhhfhfhsTEWbbb53,dcsStephan Nagel,2006.06.11,alina.popovych@gmail.com,,"8,9,1",Fgssgwu35,"Publisher,Guest",pivdenna streeet 9,brooklyn,UA,123456789250,http://efewfgg.com,,gdh47,53281,10014585250,brooklyn,"Welcome!,What"
aaAlexander Weikel,fhhfhfhsTEWbbb54,dcsStephan Nagel,2006.06.12,alina.popovych@gmail.com,,"8,9,1",Fgssgwu36,"Publisher,Guest",pivdenna streeet 26,new york,UA,123456789251,http://efewfgg.com,,gdh48,53282,10014585251,new york,"Start,What"
aaAlexander Weise,fhhfhfhsTEWbbb55,dcsStephan Nagel,2006.06.13,alina.popovych@gmail.com,,"8,9,1",Fgssgwu37,"Publisher,Guest",pivdenna streeet 24,california,USA,123456789249,http://efewfgg.com,,gdh49,53280,10014585249,california,"Hi,What"
aaAlexander Zankl,fhhfhfhsTEWbbb56,dcsStephan Nagel,2006.06.14,alina.popovych@gmail.com,,"8,9,1",Fgssgwu38,"Publisher,Guest",pivdenna streeet 9,brooklyn,UA,123456789250,http://efewfgg.com,,gdh50,53281,10014585250,brooklyn,"Welcome!,What"
aaAlexandra Brunner,fhhfhfhsTEWbbb57,dcsStephan Nagel,2006.06.15,testterqa@gmail.com,,"8,9,1",Fgssgwu39,"Publisher,Guest",pivdenna streeet 26,new york,UA,123456789251,http://efewfgg.com,,gdh51,53282,10014585251,new york,"Start,What"
aaAlexandra Kämper,fhhfhfhsTEWbbb58,dcsStephan Nagel,2006.06.16,testterqa@gmail.com,,"8,9,1",Fgssgwu40,"Publisher,Guest",pivdenna streeet 24,california,USA,123456789249,http://efewfgg.com,,gdh52,53280,10014585249,california,"Hi,What"
aaAlexandra Kolb,fhhfhfhsTEWbbb59,dcsStephan Nagel,2006.06.17,testterqa@gmail.com,,"8,9,1",Fgssgwu41,"Publisher,Guest",pivdenna streeet 9,brooklyn,UA,123456789250,http://efewfgg.com,,gdh10,53281,10014585250,brooklyn,"Welcome!,What"
aaAlexandra Prasser,fhhfhfhsTEWbbb60,dcsStephan Nagel,2006.06.18,testterqa@gmail.com,,"8,9,1",Fgssgwu42,"Publisher,Guest",pivdenna streeet 26,new york,UA,123456789251,http://efewfgg.com,,gdh11,53282,10014585251,new york,"Start,What"
aaAlfons M. Stölb,fhhfhfhsTEWbbb61,dcsStephan Nagel,2006.06.19,testterqa@gmail.com,,"8,9,1",Fgssgwu43,"Publisher,Guest",pivdenna streeet 24,california,USA,123456789249,http://efewfgg.com,,gdh12,53280,10014585249,california,"Hi,What"
aaAlfred Schölzel,fhhfhfhsTEWbbb62,dcsStephan Nagel,2006.06.20,testterqa@gmail.com,,"8,9,1",Fgssgwu44,"Publisher,Guest",pivdenna streeet 9,brooklyn,UA,123456789250,http://efewfgg.com,,gdh13,53281,10014585250,brooklyn,"Welcome!,What"
aaAlfred Sesterhenn,fhhfhfhsTEWbbb63,dcsStephan Nagel,2006.06.21,testterqa@gmail.com,,"8,9,1",Fgssgwu45,"Publisher,Guest",pivdenna streeet 26,new york,UA,123456789251,http://efewfgg.com,,gdh14,53282,10014585251,new york,"Start,What"
aaAlfred Strixner,fhhfhfhsTEWbbb64,dcsStephan Nagel,2006.06.22,testterqa@gmail.com,,"8,9,1",Fgssgwu46,"Publisher,Guest",pivdenna streeet 24,california,USA,123456789249,http://efewfgg.com,,gdh15,53280,10014585249,california,"Hi,What"
aaAlfred Visser,fhhfhfhsTEWbbb65,dcsStephan Nagel,2006.06.23,testterqa@gmail.com,,"8,9,1",Fgssgwu47,"Publisher,Guest",pivdenna streeet 24,brooklyn,UA,123456789250,http://efewfgg.com,,gdh16,53281,10014585250,brooklyn,"Welcome!,What"